[ {
  "id" : 1,
  "fecha" : "2025-06-06",
  "hora" : "12:00:00",
  "estado" : "Pendiente",
  "paciente" : {
    "id" : 1749005808214,
    "nombre" : "Jeanpierre Antonio",
    "apellido" : "Chipa Robladillo",
    "dni" : "71632364",
    "telefono" : "921340064",
    "correo" : "chipa.robladillo@gmail.com",
    "contraseña" : "jeanpierreCR=25"
  },
  "medico" : {
    "id" : 135,
    "nombreCompleto" : "Dra. Teresa Alarcón",
    "especialidad" : {
      "id" : 12,
      "nombre" : "Oncología"
    },
    "horarios" : [ ]
  }
}, {
  "id" : 2,
  "fecha" : "2025-06-06",
  "hora" : "10:00:00",
  "estado" : "Pendiente",
  "paciente" : {
    "id" : 1749005808214,
    "nombre" : "Jeanpierre Antonio",
    "apellido" : "Chipa Robladillo",
    "dni" : "71632364",
    "telefono" : "921340064",
    "correo" : "chipa.robladillo@gmail.com",
    "contraseña" : "jeanpierreCR=25"
  },
  "medico" : {
    "id" : 131,
    "nombreCompleto" : "Dra. Lorena Ibáñez",
    "especialidad" : {
      "id" : 11,
      "nombre" : "Gastroenterología"
    },
    "horarios" : [ ]
  }
} ]