[
  { "id": 1, "nombre": "Cardiología" },
  { "id": 2, "nombre": "Dermatología" },
  { "id": 3, "nombre": "Pediatría" },
  { "id": 4, "nombre": "Ginecología" },
  { "id": 5, "nombre": "Neurología" },
  { "id": 6, "nombre": "Traumatología" },
  { "id": 7, "nombre": "Oftalmología" },
  { "id": 8, "nombre": "Otorrinolaringología" },
  { "id": 9, "nombre": "Urología" },
  { "id": 10, "nombre": "Endocrinología" },
  { "id": 11, "nombre": "Gastroenterología" },
  { "id": 12, "nombre": "Oncología" },
  { "id": 13, "nombre": "Psicología" },
  { "id": 14, "nombre": "Odontología" },
  { "id": 15, "nombre": "Medicina Interna" }
]
