[
  { "id": 101, "nombreCompleto": "Dr. Juan Pérez", "especialidad": { "id": 1, "nombre": "Cardiología" }, "horarios": [] },
  { "id": 102, "nombreCompleto": "Dra. María López", "especialidad": { "id": 1, "nombre": "Cardiología" }, "horarios": [] },
  { "id": 103, "nombreCompleto": "Dr. Carlos Sánchez", "especialidad": { "id": 1, "nombre": "Cardiología" }, "horarios": [] },

  { "id": 104, "nombreCompleto": "Dra. Ana Torres", "especialidad": { "id": 2, "nombre": "Dermatología" }, "horarios": [] },
  { "id": 105, "nombreCompleto": "Dr. Ricardo Gómez", "especialidad": { "id": 2, "nombre": "Dermatología" }, "horarios": [] },
  { "id": 106, "nombreCompleto": "Dra. Laura Castillo", "especialidad": { "id": 2, "nombre": "Dermatología" }, "horarios": [] },

  { "id": 107, "nombreCompleto": "Dr. Luis Morales", "especialidad": { "id": 3, "nombre": "Pediatría" }, "horarios": [] },
  { "id": 108, "nombreCompleto": "Dra. Cecilia Ramírez", "especialidad": { "id": 3, "nombre": "Pediatría" }, "horarios": [] },
  { "id": 109, "nombreCompleto": "Dr. Ernesto Vega", "especialidad": { "id": 3, "nombre": "Pediatría" }, "horarios": [] },

  { "id": 110, "nombreCompleto": "Dra. Patricia Herrera", "especialidad": { "id": 4, "nombre": "Ginecología" }, "horarios": [] },
  { "id": 111, "nombreCompleto": "Dr. Miguel Silva", "especialidad": { "id": 4, "nombre": "Ginecología" }, "horarios": [] },
  { "id": 112, "nombreCompleto": "Dra. Andrea Mendoza", "especialidad": { "id": 4, "nombre": "Ginecología" }, "horarios": [] },

  { "id": 113, "nombreCompleto": "Dr. Fernando Ruiz", "especialidad": { "id": 5, "nombre": "Neurología" }, "horarios": [] },
  { "id": 114, "nombreCompleto": "Dra. Verónica Aguilar", "especialidad": { "id": 5, "nombre": "Neurología" }, "horarios": [] },
  { "id": 115, "nombreCompleto": "Dr. Nicolás Rivas", "especialidad": { "id": 5, "nombre": "Neurología" }, "horarios": [] },

  { "id": 116, "nombreCompleto": "Dra. Sonia Navarro", "especialidad": { "id": 6, "nombre": "Traumatología" }, "horarios": [] },
  { "id": 117, "nombreCompleto": "Dr. Diego Salazar", "especialidad": { "id": 6, "nombre": "Traumatología" }, "horarios": [] },
  { "id": 118, "nombreCompleto": "Dr. Alfredo Guzmán", "especialidad": { "id": 6, "nombre": "Traumatología" }, "horarios": [] },

  { "id": 119, "nombreCompleto": "Dra. Clara Ortega", "especialidad": { "id": 7, "nombre": "Oftalmología" }, "horarios": [] },
  { "id": 120, "nombreCompleto": "Dr. Tomás Cáceres", "especialidad": { "id": 7, "nombre": "Oftalmología" }, "horarios": [] },
  { "id": 121, "nombreCompleto": "Dra. Rebeca Lozano", "especialidad": { "id": 7, "nombre": "Oftalmología" }, "horarios": [] },

  { "id": 122, "nombreCompleto": "Dr. Iván Herrera", "especialidad": { "id": 8, "nombre": "Otorrinolaringología" }, "horarios": [] },
  { "id": 123, "nombreCompleto": "Dra. Elsa Fernández", "especialidad": { "id": 8, "nombre": "Otorrinolaringología" }, "horarios": [] },
  { "id": 124, "nombreCompleto": "Dr. Pablo León", "especialidad": { "id": 8, "nombre": "Otorrinolaringología" }, "horarios": [] },

  { "id": 125, "nombreCompleto": "Dra. Marta Reyes", "especialidad": { "id": 9, "nombre": "Urología" }, "horarios": [] },
  { "id": 126, "nombreCompleto": "Dr. Alejandro Bustamante", "especialidad": { "id": 9, "nombre": "Urología" }, "horarios": [] },
  { "id": 127, "nombreCompleto": "Dr. Javier Andrade", "especialidad": { "id": 9, "nombre": "Urología" }, "horarios": [] },

  { "id": 128, "nombreCompleto": "Dr. Andrés Paredes", "especialidad": { "id": 10, "nombre": "Endocrinología" }, "horarios": [] },
  { "id": 129, "nombreCompleto": "Dra. Paola Méndez", "especialidad": { "id": 10, "nombre": "Endocrinología" }, "horarios": [] },
  { "id": 130, "nombreCompleto": "Dr. Germán Palacios", "especialidad": { "id": 10, "nombre": "Endocrinología" }, "horarios": [] },

  { "id": 131, "nombreCompleto": "Dra. Lorena Ibáñez", "especialidad": { "id": 11, "nombre": "Gastroenterología" }, "horarios": [] },
  { "id": 132, "nombreCompleto": "Dr. Marcelo Castro", "especialidad": { "id": 11, "nombre": "Gastroenterología" }, "horarios": [] },
  { "id": 133, "nombreCompleto": "Dra. Karina Soto", "especialidad": { "id": 11, "nombre": "Gastroenterología" }, "horarios": [] },

  { "id": 134, "nombreCompleto": "Dr. Sergio Medina", "especialidad": { "id": 12, "nombre": "Oncología" }, "horarios": [] },
  { "id": 135, "nombreCompleto": "Dra. Teresa Alarcón", "especialidad": { "id": 12, "nombre": "Oncología" }, "horarios": [] },
  { "id": 136, "nombreCompleto": "Dr. Hugo Céspedes", "especialidad": { "id": 12, "nombre": "Oncología" }, "horarios": [] },

  { "id": 137, "nombreCompleto": "Dra. Daniela Pinto", "especialidad": { "id": 13, "nombre": "Psicología" }, "horarios": [] },
  { "id": 138, "nombreCompleto": "Dr. Esteban Vargas", "especialidad": { "id": 13, "nombre": "Psicología" }, "horarios": [] },
  { "id": 139, "nombreCompleto": "Dra. Camila Ponce", "especialidad": { "id": 13, "nombre": "Psicología" }, "horarios": [] },

  { "id": 140, "nombreCompleto": "Dr. Mauricio Bravo", "especialidad": { "id": 14, "nombre": "Odontología" }, "horarios": [] },
  { "id": 141, "nombreCompleto": "Dra. Beatriz Molina", "especialidad": { "id": 14, "nombre": "Odontología" }, "horarios": [] },
  { "id": 142, "nombreCompleto": "Dr. Hugo Ramírez", "especialidad": { "id": 14, "nombre": "Odontología" }, "horarios": [] },

  { "id": 143, "nombreCompleto": "Dr. Felipe Aguilar", "especialidad": { "id": 15, "nombre": "Medicina Interna" }, "horarios": [] },
  { "id": 144, "nombreCompleto": "Dra. Gabriela Cáceres", "especialidad": { "id": 15, "nombre": "Medicina Interna" }, "horarios": [] },
  { "id": 145, "nombreCompleto": "Dr. Vicente Romero", "especialidad": { "id": 15, "nombre": "Medicina Interna" }, "horarios": [] }
]
