<?xml version="1.0" encoding="UTF-8"?>
<configuration>

    <appender name="CONSOLE" class="ch.qos.logback.core.ConsoleAppender">
        <encoder>
            <pattern>%d{yyyy-MM-dd HH:mm:ss.SSS} %-5level - %msg%n</pattern>
        </encoder>
    </appender>

    <appender name="FILE" class="ch.qos.logback.core.rolling.RollingFileAppender">
        <file>logs/SistemaClinica.log</file>
        <rollingPolicy class="ch.qos.logback.core.rolling.SizeAndTimeBasedRollingPolicy">
    <fileNamePattern>logs/SistemaClinica.%d{yyyy-MM-dd}.%i.log</fileNamePattern>
    <maxFileSize>10MB</maxFileSize>
    <maxHistory>30</maxHistory>
    <totalSizeCap>1GB</totalSizeCap>
</rollingPolicy>
        <encoder>
            <pattern>%d{yyyy-MM-dd HH:mm:ss.SSS} %-5level - %msg%n</pattern>
        </encoder>
    </appender>

    <logger name="com.clinica.sistema" level="INFO" additivity="false">
        <appender-ref ref="CONSOLE" />
        <appender-ref ref="FILE" />
    </logger>

    <root level="ERROR">
        <appender-ref ref="CONSOLE" />
    </root>

</configuration>